Accounting Professionals of Tomorrow ,https://utsa.campuslabs.com/engage/organization/underconstruction,brandon.howard@utsa.edu,Business,none
American Marketing Association,https://utsa.campuslabs.com/engage/organization/ama,utsa.ama@gmail.com,Business,none
American Statistical Association Student Chapter,https://utsa.campuslabs.com/engage/organization/asasc,sasc.rr@gmail.com,Business,none
Business Student Council,https://utsa.campuslabs.com/engage/organization/utsa_bsc,bscatutsa@gmail.com,Business,none
Global Business Ambassadors,https://utsa.campuslabs.com/engage/organization/globalbusinessambassadors,utsagba@gmail.com,Business,none
Global Business Brigades at UTSA,https://utsa.campuslabs.com/engage/organization/globalbusinessbrigades,Utsabusinessbrigades@gmail.com,Business,none
The Investment Society,https://utsa.campuslabs.com/engage/organization/investmentsociety,utsainvestors@gmail.com,Business,none
Online Cyber Security Alliance,https://utsa.campuslabs.com/engage/organization/ocsa,ocsa-utsa@googlegroups.com,Business,Cyber Security 
The Professional Businesswomen Society,https://utsa.campuslabs.com/engage/organization/pbws,probwsociety@gmail.com,Business,Women-based
Advanced Robotics,https://utsa.campuslabs.com/engage/organization/ar,utsaar@gmail.com,Engineering,Robotics
Aeronautics and Rocket Club,https://utsa.campuslabs.com/engage/organization/arcutsa,arcutsa@gmail.com,Engineering,none
American Society of Civil Engineers,https://utsa.campuslabs.com/engage/organization/asce,asceutsa@gmail.com,Engineering,none
American Society of Mechanical Engineers,https://utsa.campuslabs.com/engage/organization/asme,asme.utsa.87@gmail.com,Engineering,none
Association for Computing Machinery,https://utsa.campuslabs.com/engage/organization/acm,Team@acmutsa.org,Any,none
Biomedical Engineering Graduate Society at San Antonio,https://utsa.campuslabs.com/engage/organization/bmegs-sa,bmegs.sa@gmail.com,Engineering,none
College of Engineering and Integrated Design Student Council,https://utsa.campuslabs.com/engage/organization/engineeringstudentcouncil,utsaesc@gmail.com,Engineering,none
Engineers Without Borders,https://utsa.campuslabs.com/engage/organization/ewb-utsa,ewb.utsa.president@gmail.com,Any,Cultural
Institute of Electrical & Electronics Engineers,https://utsa.campuslabs.com/engage/organization/ieee,ieeeutsa@gmail.com,Engineering,none
Makerspace Innovators,https://utsa.campuslabs.com/engage/organization/makerspace-innovators,utsa.makerspace@gmail.com,Any,none
National Society of Black Engineers,https://utsa.campuslabs.com/engage/organization/nsbeutsa,utsa.nsbe.president@gmail.com,Engineering,Cultural
Robotics and Automation Society,https://utsa.campuslabs.com/engage/organization/ras,robotics.utsa@gmail.com,Engineering,Robotics
Society of Women Engineers,https://utsa.campuslabs.com/engage/organization/swe,utsa@swe.org,Engineering,Women-based
Society of Hispanic Professional Engineers,https://utsa.campuslabs.com/engage/organization/shpe,shpechapterutsa@gmail.com,Engineering,Cultural
Texas Society of Professional Engineers,https://utsa.campuslabs.com/engage/organization/tspe,utsatspestudent@gmail.com,Engineering,none
The American Institute of Chemical Engineers,https://utsa.campuslabs.com/engage/organization/aiche,aicheutsa@gmail.com,Engineering,none
Women's Transportation Seminar,https://utsa.campuslabs.com/engage/organization/wts,wtsatutsa@gmail.com,Engineering,Women-based
Women in STEM,https://utsa.campuslabs.com/engage/organization/womeninstem,utsa.wis@gmail.com,Science,Women-based
Cyber Jedis,https://utsa.campuslabs.com/engage/organization/cyberjedis,cyb3rj3d1s@gmail.com,Science,Cyber Security 
Dean's Student Board,https://utsa.campuslabs.com/engage/organization/dsb,cos.dsb@gmail.com,Science,none
Society for Advancement of Chicanos/Latinos and Native Americans in Science,https://utsa.campuslabs.com/engage/organization/sacnas,utsa.sacnas@gmail.com,Science,Cultural
UTSA Academy for Teacher Excellence,https://utsa.campuslabs.com/engage/organization/ate,ate@utsa.edu,Education,none
ASPIRE at UTSA,https://utsa.campuslabs.com/engage/organization/aspire,aspireforyouth@gmail.com,Education,none
Black Student Leadership Council,https://utsa.campuslabs.com/engage/organization/bslc,utsabslc@gmail.com,Any,Cultural
History Club,https://utsa.campuslabs.com/engage/organization/historyclub,glj758@my.utsa.edu,Liberal and Fine Arts,Cultural
The Association of Black Psychologists,https://utsa.campuslabs.com/engage/organization/abpsi_org,utsaabpsi@gmail.com,Liberal and Fine Arts,Cultural
Historic Preservation Association,https://utsa.campuslabs.com/engage/organization/historicpreservationassociation,hpasanantonio@gmail.com,Liberal and Fine Arts,Cultural
Classics Club at UTSA,https://utsa.campuslabs.com/engage/organization/classics-club,classicsclubutsa@gmail.com,Liberal and Fine Arts,Cultural
Association of Environmental and Engineering Geologists UTSA Student Chapter,https://utsa.campuslabs.com/engage/organization/aeg_utsa,aegutsachapter@gmail.com,Science,Environmental
Beta Beta Beta Biological Honor Society,https://utsa.campuslabs.com/engage/organization/tribeta,tribetautsa@gmail.com,Science,none
The Society of Physics Students at UTSA,https://utsa.campuslabs.com/engage/organization/spsatutsa,societyofphysicsstudents.utsa@gmail.com,Science,none
Computer Security Association,https://utsa.campuslabs.com/engage/organization/computersecurityassociation,utsacyber@gmail.com,Any,Cyber Security 
Pre-Nursing Society,https://utsa.campuslabs.com/engage/organization/prenursingsociety,japrenursing@gmail.com,Science,Health
HOSA - Future Health Professionals,https://utsa.campuslabs.com/engage/organization/hosa,utsahosa@gmail.com,Science,Health
American Institute of Architecture Students,https://utsa.campuslabs.com/engage/organization/aiasutsa,aias.tx.sanantonio@gmail.com,Engineering,none
Public Health Society,https://utsa.campuslabs.com/engage/organization/phsa,utsa.publichealthsociety@gmail.com,Any,Health
Black Health Professions Organization,https://utsa.campuslabs.com/engage/organization/bhpo,utsabhpo@gmail.com,Science,Cultural
Interprofessional Health Society at UTSA,https://utsa.campuslabs.com/engage/organization/ihs,ihs.utsa@gmail.com,Science,Health
American Medical Women's Association,https://utsa.campuslabs.com/engage/organization/amwa,schommer.lana@gmail.com,Science,Women-based
Women in Medicine,https://utsa.campuslabs.com/engage/organization/womeninmedicine,womeninmedicine.utsa@gmail.com,Science,Health
Latino Medical Student Association,https://utsa.campuslabs.com/engage/organization/lmsa,lmsautsa@gmail.com,Science,Health
GlobeMed,https://utsa.campuslabs.com/engage/organization/globemed,utsa@globemed.org,Science,Health
Volunteers Around the World at UTSA,https://utsa.campuslabs.com/engage/organization/vaw,vawatutsa@gmail.com,Science,Health
American Society for Microbiology at UTSA,https://utsa.campuslabs.com/engage/organization/asmatutsa,asmatutsa@gmail.com,Any,Health
Self-Realization Society,https://utsa.campuslabs.com/engage/organization/selfrealizationsociety,selfrealization.utsa@gmail.com,Any,Wellbeing
Community Assistance Revolving around Education,https://utsa.campuslabs.com/engage/organization/careutsa,utsacare@gmail.com,Any,Wellbeing
Active Minds,https://utsa.campuslabs.com/engage/organization/activeminds,utsa.activeminds@gmail.com,Any,Wellbeing
Global Brigades,https://utsa.campuslabs.com/engage/organization/globalbrigadesutsa,gbutsa@gmail.com,Any,Health
Mindful Connections,https://utsa.campuslabs.com/engage/organization/mindfulconnections,mindfulconnections.utsa@gmail.com,Any,Wellbeing
My Sister's Keeper,https://utsa.campuslabs.com/engage/organization/msk,utsa.msk@gmail.com,Any,Women-based
PERIOD at The University of Texas at San Antonio,https://utsa.campuslabs.com/engage/organization/period,periodutsa@gmail.com,Any,Women-based
Pre-Dental Society,https://utsa.campuslabs.com/engage/organization/predentalsociety,utsapredental@gmail.com,Science,Health
Pre-Occupational Therapy Society,https://utsa.campuslabs.com/engage/organization/preoccupationaltherapysociety,utsapreotsociety@gmail.com,Science,Health
Health Honors Society,https://utsa.campuslabs.com/engage/organization/healthhonorsociety,etasiggamma@gmail.com,Science,Health
OneGoal,https://utsa.campuslabs.com/engage/organization/onegoal-utsa,utsaonegoal@gmail.com,Any,Health
Her Campus,https://utsa.campuslabs.com/engage/organization/hercampus,hc.utsa@hercampus.com,Any,Women-based
Rowdy Film Association,https://utsa.campuslabs.com/engage/organization/rfa,rowdyfilmsassociation@gmail.com,Liberal and Fine Arts,none
Sagebrush Review,https://utsa.campuslabs.com/engage/organization/sagebrushreview,sagebrushreview@gmail.com,Liberal and Fine Arts,none
Student Art Society,https://utsa.campuslabs.com/engage/organization/studentartsociety,studentartsocietyatutsa@gmail.com,Liberal and Fine Arts,none
Student Poetry Society,https://utsa.campuslabs.com/engage/organization/studentpoetrysociety,studentpoetrysociety@gmail.com,Liberal and Fine Arts,none
CompTIA Student Chapter,https://utsa.campuslabs.com/engage/organization/comptiastudentchapter,comptiautsa@gmail.com,Any,Cyber Security 
Women in Pre-Law,https://utsa.campuslabs.com/engage/organization/womeninprelaw,womeninprelaw@gmail.com,Liberal and Fine Arts,Women-based
Women of Honor,https://utsa.campuslabs.com/engage/organization/womenofhonor,utsawomenofhonor@gmail.com,Any,Women-based
Women in Leadership,https://utsa.campuslabs.com/engage/organization/wil,women.utsa@gmail.com,Any,Women-based
Texas Angels,https://utsa.campuslabs.com/engage/organization/texasangels,texasangelsutsa@gmail.com,Any,Women-based
Texas Sustainable Energy Research Institute,https://utsa.campuslabs.com/engage/organization/texasenergy,http://www.texasenergy.utsa.edu/,Any,Environmental
The Green Society,https://utsa.campuslabs.com/engage/organization/thegreensociety,thegreensociety.utsa@gmail.com,Any,Environmental
Electric Auto Association,https://utsa.campuslabs.com/engage/organization/electricauto,UTSAElectricAuto@gmail.com,Any,Environmental
Army Roadrunner Booster Club,https://utsa.campuslabs.com/engage/organization/armyroadrunnerboosterclub,armyrotc@utsa.edu,Any,Military
Arnold Air Society,https://utsa.campuslabs.com/engage/organization/arnoldairsociety,johndryan842@gmail.com,Any,Military
Detachment 842 Roadrunner Booster Club,https://utsa.campuslabs.com/engage/organization/det842rbc,kkarensanyell@gmail.com,Any,Military
Global Intelligence Association,https://utsa.campuslabs.com/engage/organization/gia,utsaicc@gmail.com,Any,Military
Society of American Military Engineers,https://utsa.campuslabs.com/engage/organization/same,same.utsa@gmail.com,Any,Military
Student Angels for Soldiers,https://utsa.campuslabs.com/engage/organization/studentangelsforsoldiers,studentangelsforsoldiers@gmail.com,Any,Military
Student Veterans Association,https://utsa.campuslabs.com/engage/organization/svaatutsa,rowdyvets@gmail.com,Any,Military
National Organization of Minority Architect Students at UTSA,https://utsa.campuslabs.com/engage/organization/nomasatutsa,nomasatutsa@gmail.com,Engineering,Cultural
Young Democratic Socialist of America,https://utsa.campuslabs.com/engage/organization/ydsa,utsaydsa@gmail.com,Any,Political 
Young Americans for Freedom,https://utsa.campuslabs.com/engage/organization/utsayaf,utsaconservatives@gmail.com,Any,Political 
Turning Point USA,https://utsa.campuslabs.com/engage/organization/tpusa,turningpointusa.utsa@gmail.com,Any,Political 
The Democratic Party at the University of Texas at San Antonio,https://utsa.campuslabs.com/engage/organization/dputsa,UTSADems@gmail.com,Any,Political 
Texas Rising at UTSA,https://utsa.campuslabs.com/engage/organization/txrisingutsa,texasrisingutsa@gmail.com,Any,Political 
Undergraduate Political Science Association,https://utsa.campuslabs.com/engage/organization/upsa_utsa,roadrunnerpolitics@gmail.com,Any,Political 
Students For Life at UTSA,https://utsa.campuslabs.com/engage/organization/studentsforlife,prolifeutsa@gmail.com,Any,Political
Student Government Association,https://utsa.campuslabs.com/engage/organization/studentgovernmentassociation,sga@utsa.edu,Any,Political 
Climbing Club,https://utsa.campuslabs.com/engage/organization/climbingclub,utsaclimbingclub@gmail.com,Any,Sports
Club Baseball,https://utsa.campuslabs.com/engage/organization/clubbaseball,jdalvarez9@yahoo.com,Any,Sports
Club Tennis,https://utsa.campuslabs.com/engage/organization/clubtennis,utsaclubtennis@gmail.com,Any,Sports
Dance Club at UTSA,https://utsa.campuslabs.com/engage/organization/dance,danceclubatUTSA@gmail.com,Any,Sports
Men's Club Ultimate Frisbee,https://utsa.campuslabs.com/engage/organization/clubultimatefrisbee,utsaclubultimate@gmail.com,Any,Sports
Men's Lacrosse,https://utsa.campuslabs.com/engage/organization/menslacrosse,utsa.lacrosse@yahoo.com,Any,Sports
Men's Soccer Club,https://utsa.campuslabs.com/engage/organization/utsamensclubsoccer,utsamenssoccerclub@gmail.com,Any,Sports
Pickleball at UTSA,https://utsa.campuslabs.com/engage/organization/pickleballatutsa,ksu117@my.utsa.edu,Any,Sports
Quidditch,https://utsa.campuslabs.com/engage/organization/quidditch,utsaclubquidditch@gmail.com,Any,Sports
Roadrunner Cycling,https://utsa.campuslabs.com/engage/organization/cycling,roadrunnercycling19@gmail.com,Any,Sports
Roadrunner Gaming,https://utsa.campuslabs.com/engage/organization/roadrunnergaming,roadrunnergaming.sa@gmail.com,Any,Sports
Roadrunner Men's and Women's Bowling,https://utsa.campuslabs.com/engage/organization/roadrunnerbowling,evan@utsabowling.com,Any,Sports
Roadrunner Powerlifting Club,https://utsa.campuslabs.com/engage/organization/roadrunnerpowerliftingclub,utsapowerliftingrecruitment@gmail.com,Any,Sports
Roadrunner Rugby Club,https://utsa.campuslabs.com/engage/organization/roadrunnerrugbyfootballclub,utsamensrugby@gmail.com,Any,Sports
Roadrunner Swimming,https://utsa.campuslabs.com/engage/organization/rrswimming,rrswimming.utsa@gmail.com,Any,Sports
Rowdy Chess Club,https://utsa.campuslabs.com/engage/organization/rowdychessclub,rowdychessclub@gmail.com,Any,Sports
Swordplay,https://utsa.campuslabs.com/engage/organization/swordplay,utsaclubfencing@gmail.com,Any,Sports
Women's Club Soccer,https://utsa.campuslabs.com/engage/organization/womensclubsoccer,https://utsa.campuslabs.com/engage/organization/womensclubsoccer,Any,Sports
Women's Club Ultimate Frisbee,https://utsa.campuslabs.com/engage/organization/womensultimate,utsawomensultimate@gmail.com,Any,Sports
Women's Club Volleyball,https://utsa.campuslabs.com/engage/organization/womensclubvolleyball,utsaclubvball@gmail.com,Any,Sports
Table Tennis Club,https://utsa.campuslabs.com/engage/organization/ttc,utsatabletennisclub@gmail.com,Any,Sports
Associated Builders and Contractors Student Chapter ,https://utsa.campuslabs.com/engage/organization/abcsc,utsa.abc@outlook.com,Engineering,none
Associated General Contractors of America-San Antonio Student Chapter,https://utsa.campuslabs.com/engage/organization/agc,utsa.csm.agc@gmail.com,Engineering,none
Biomedical Engineering Society,https://utsa.campuslabs.com/engage/organization/bmes,bmes.uthscsa.utsa@gmail.com,Engineering,none
National Association of Homebuilders Student Chapter at UTSA,https://utsa.campuslabs.com/engage/organization/nahb,yct080@my.utsa.edu,Engineering,none
Society of Automotive Engineers ,https://utsa.campuslabs.com/engage/organization/sae,UTSAFormulaSAE@gmail.com,Engineering,none
The Environmental and Water Resources Institute (EWRI) Graduate Student Chapter,https://utsa.campuslabs.com/engage/organization/ewri,ewri.utsa@gmail.com,Engineering,Environmental
Mental Health Team,https://utsa.campuslabs.com/engage/organization/mht,mhdorganization@gmail.com,Any,Wellbeing
American Sign Language at UTSA,https://utsa.campuslabs.com/engage/organization/americansignlanguageutsa,sbi138@my.utsa.edu,Any,Cultural
Association for India's Development,https://utsa.campuslabs.com/engage/organization/aidatutsa,utsa.aidindia@Gmail.com,Any,Cultural
Black Student Union,https://utsa.campuslabs.com/engage/organization/blackstudentunion,BSUUTSA@gmail.com,Any,Cultural
Chinese Language and Culture Club,https://utsa.campuslabs.com/engage/organization/clcc,clcc.utsa@gmail.com,Any,Cultural
African Students Association,https://utsa.campuslabs.com/engage/organization/africanstudentsassociation,utsaafricanstudents@gmail.com,Any,Cultural
Hillel,https://utsa.campuslabs.com/engage/organization/hillel,hillelsanantonio@gmail.com,Any,Religious
Hispanic Student Association,https://utsa.campuslabs.com/engage/organization/hsa,utsahsa1995@gmail.com,Any,Cultural
Indian Student Association,https://utsa.campuslabs.com/engage/organization/isaatutsa,gmaanakg@yahoo.com,Any,Cultural
Iranian Student Association,https://utsa.campuslabs.com/engage/organization/iranianstudentassociation,isa.utsa2010@gmail.com,Any,Cultural
Japanese Student Association,https://utsa.campuslabs.com/engage/organization/jsa,utsajsa@gmail.com,Any,Cultural
Korean Book Club,https://utsa.campuslabs.com/engage/organization/kbc,chabriely.riveraroldan@my.utsa.edu,Any,Cultural
Middle Eastern North African Student Association,https://utsa.campuslabs.com/engage/organization/mena,menautsa20@gmail.com,Any,Cultural
Monarch Association,https://utsa.campuslabs.com/engage/organization/monarchassociation,utsamonarch21@gmail.com,Any,Cultural
iSTEAM LIFE,https://utsa.campuslabs.com/engage/organization/isteamlife,beatriz.galarza@my.utsa.edu,Science,none
Student Psychology Association,https://utsa.campuslabs.com/engage/organization/psychologyassociation,studentpsychutsa@gmail.com,Liberal and Fine Arts,none
Pre-Optometry Professional Society,https://utsa.campuslabs.com/engage/organization/pops,popsatutsa@gmail.com,Science,Health
Pre-Pharmacy Student Organization,https://utsa.campuslabs.com/engage/organization/prepharmacystudentorganization,utsa.prepharm@gmail.com,Science,Health
Pre-Physician Assistant Society,https://utsa.campuslabs.com/engage/organization/prepasociety,pasocietyutsa@gmail.com,Science,Health
The Pre-Medical Society at UTSA,https://utsa.campuslabs.com/engage/organization/premedicalsociety,premedicalutsa@gmail.com,Science,Health
Neurofeedback Society of UTSA,https://utsa.campuslabs.com/engage/organization/neurofeedbacksocietyofutsa,mark.jones@utsa.edu,Science,Health
Hunger and Homelessness Movement,https://utsa.campuslabs.com/engage/organization/hungerandhomelessnessmovement,utsa.hhm@gmail.com,Any,Health
Engineering in Medicine and Biology Society,https://utsa.campuslabs.com/engage/organization/embsutsa,IEEE.EMBS.utsa@gmail.com,Science,Health
Doctors Without Borders Student Chapter at UT San Antonio,https://utsa.campuslabs.com/engage/organization/msf_studentchapteratutsa,msf.utsa@gmail.com,Any,Health
AMSA,https://utsa.campuslabs.com/engage/organization/amsa,utsaamsa@gmail.com,Science,Health
True Colors,https://utsa.campuslabs.com/engage/organization/truecolors,truecolorsutsa@gmail.com,Any,none
Graduate Society of Physics Students,https://utsa.campuslabs.com/engage/organization/gsps,gsps.utsa@gmail.com,Science,none
A Cup of Faith,https://utsa.campuslabs.com/engage/organization/rowdylink_utsa_edu,cupofaith2020@gmail.com,Any,Religious
Baptist Student Ministry,https://utsa.campuslabs.com/engage/organization/bsm,sanantoniobsm@gmail.com,Any,Religious
Secular Student Alliance,https://utsa.campuslabs.com/engage/organization/secularstudentalliance,utsa@secularstudents.org,Any,Religious
Catholic Student Association,https://utsa.campuslabs.com/engage/organization/catholic,csa.membership@gmail.com,Any,Religious
Christian Students on Campus,https://utsa.campuslabs.com/engage/organization/christianstudentsoncampus,qgw069@my.utsa.edu,Any,Religious
Destino Movement,https://utsa.campuslabs.com/engage/organization/destinomovement,josiahrodriguez54@gmail.com,Any,Religious
Eckankar Student Organization,https://utsa.campuslabs.com/engage/organization/eckankarstudentorganizations,eckresound@sbcglobal.net,Any,Religious
Elohim Bible Study Club,https://utsa.campuslabs.com/engage/organization/ebsc,qdl764@my.utsa.edu,Any,Religious
Latter-day Saints Student Association,https://utsa.campuslabs.com/engage/organization/ldssa,utsaLDSSA1@gmail.com,Any,Religious
Muslim Student Association,https://utsa.campuslabs.com/engage/organization/muslimstudentassociation,msa.utsa@gmail.com,Any,Religious
Voices in Praise,https://utsa.campuslabs.com/engage/organization/utsavoicesinpraise,utsavoicesinpraise@gmail.com,Any,Religious
Young Life College,https://utsa.campuslabs.com/engage/organization/young_life_college,UTSAyounglife@gmail.com,Any,Religious
Anthropological Society,https://utsa.campuslabs.com/engage/organization/anthrosociety,anthrosocietyutsa@gmail.com,Liberal and Fine Arts,none
Bilingual Education Student Organization,https://utsa.campuslabs.com/engage/organization/bilingualeducationstudentorganizationbeso,besoutsa1@gmail.com,Education,Cultural
Dietetic and Nutrition Student Association,https://utsa.campuslabs.com/engage/organization/dieteticandnutritionstudentassociation,dansautsa@gmail.com,Science,none
International Interior Design Association,https://utsa.campuslabs.com/engage/organization/internationalinteriordesignassociation,iidautsacampuscenter@gmail.com,Engineering,none
Legal Advocacy Association,https://utsa.campuslabs.com/engage/organization/legal_advocacy_association_at_utsa,legaladvocacyutsa@gmail.com,Liberal and Fine Arts,none
Organization of Russian Studies,https://utsa.campuslabs.com/engage/organization/russianclub,Russianclubutsa@gmail.com,Any,Cultural
Social Work Council,https://utsa.campuslabs.com/engage/organization/socialworkcouncil,utsaswkstudentcouncil@gmail.com,Liberal and Fine Arts,none
Filipino Student Association,https://utsa.campuslabs.com/engage/organization/fsa,utsafsa@gmail.com,Any,Cultural
ClayFusion,https://utsa.campuslabs.com/engage/organization/clayfusionutsa,utsaclayclub@gmail.com,Liberal and Fine Arts,none
